{
  "width": 14108,
  "height": 10568,
  "count": 1,
  "crs": "EPSG:3857",
  "transform": [
    93.1130995363201,
    0.0,
    2688458.468862778,
    0.0,
    -93.1130995363201,
    1372559.582718301,
    0.0,
    0.0,
    1.0
  ],
  "bounds": {
    "left": 2688458.468862778,
    "bottom": 388540.34681847016,
    "right": 4002098.0771211823,
    "top": 1372559.582718301
  },
  "res": [
    93.1130995363201,
    93.1130995363201
  ],
  "scales": [
    1.0
  ],
  "offsets": [
    0.0
  ]
}