{
  "width": 1788,
  "height": 1385,
  "count": 1,
  "crs": "EPSG:3857",
  "transform": [
    932.6659065701026,
    0.0,
    3673544.309372936,
    0.0,
    -932.6659065701026,
    1670970.6530339643,
    0.0,
    0.0,
    1.0
  ],
  "bounds": {
    "left": 3673544.309372936,
    "bottom": 379228.3724343723,
    "right": 5341150.950320279,
    "top": 1670970.6530339643
  },
  "res": [
    932.6659065701026,
    932.6659065701026
  ],
  "scales": [
    1.0
  ],
  "offsets": [
    0.0
  ]
}