{
  "width": 956,
  "height": 1224,
  "count": 1,
  "crs": "EPSG:3857",
  "transform": [
    928.4347582199106,
    0.0,
    3774519.2362725334,
    0.0,
    -928.4347582199106,
    609425.3814948603,
    0.0,
    0.0,
    1.0
  ],
  "bounds": {
    "left": 3774519.2362725334,
    "bottom": -526978.7625663102,
    "right": 4662102.865130768,
    "top": 609425.3814948603
  },
  "res": [
    928.4347582199106,
    928.4347582199106
  ],
  "scales": [
    1.0
  ],
  "offsets": [
    0.0
  ]
}