{
  "width": 380,
  "height": 936,
  "count": 1,
  "crs": "EPSG:3857",
  "transform": [
    949.9790886325536,
    0.0,
    3637225.1981614134,
    0.0,
    -949.9790886325536,
    -1046475.0341226768,
    0.0,
    0.0,
    1.0
  ],
  "bounds": {
    "left": 3637225.1981614134,
    "bottom": -1935655.461082747,
    "right": 3998217.251841784,
    "top": -1046475.0341226768
  },
  "res": [
    949.9790886325536,
    949.9790886325536
  ],
  "scales": [
    1.0
  ],
  "offsets": [
    0.0
  ]
}