{
  "width": 1137,
  "height": 1994,
  "count": 1,
  "crs": "EPSG:3857",
  "transform": [
    948.1104858835428,
    0.0,
    13015892.26102212,
    0.0,
    -948.1104858835428,
    2400774.0925173517,
    0.0,
    0.0,
    1.0
  ],
  "bounds": {
    "left": 13015892.26102212,
    "bottom": 510241.7836655674,
    "right": 14093893.883471709,
    "top": 2400774.0925173517
  },
  "res": [
    948.1104858835428,
    948.1104858835428
  ],
  "scales": [
    1.0
  ],
  "offsets": [
    0.0
  ]
}