{
  "width": 17903,
  "height": 13915,
  "count": 1,
  "crs": "EPSG:3857",
  "transform": [
    93.27205669398329,
    0.0,
    3673357.5688499087,
    0.0,
    -93.27205669398329,
    1677102.26091974,
    0.0,
    0.0,
    1.0
  ],
  "bounds": {
    "left": 3673357.5688499087,
    "bottom": 379221.5920229624,
    "right": 5343207.199842291,
    "top": 1677102.26091974
  },
  "res": [
    93.27205669398329,
    93.27205669398329
  ],
  "scales": [
    1.0
  ],
  "offsets": [
    0.0
  ]
}