{
  "width": 1788,
  "height": 1402,
  "count": 1,
  "crs": "EPSG:3857",
  "transform": [
    932.7462753185313,
    0.0,
    3673404.0325285406,
    0.0,
    -932.7462753185313,
    1677630.2056031844,
    0.0,
    0.0,
    1.0
  ],
  "bounds": {
    "left": 3673404.0325285406,
    "bottom": 369919.9276066036,
    "right": 5341154.372798074,
    "top": 1677630.2056031844
  },
  "res": [
    932.7462753185313,
    932.7462753185313
  ],
  "scales": [
    1.0
  ],
  "offsets": [
    0.0
  ]
}