{
  "width": 9589,
  "height": 11732,
  "count": 1,
  "crs": "EPSG:3857",
  "transform": [
    92.83390209632226,
    0.0,
    3774843.8375504976,
    0.0,
    -92.83390209632226,
    561123.3367622392,
    0.0,
    0.0,
    1.0
  ],
  "bounds": {
    "left": 3774843.8375504976,
    "bottom": -528004.0026318135,
    "right": 4665028.124752132,
    "top": 561123.3367622392
  },
  "res": [
    92.83390209632226,
    92.83390209632226
  ],
  "scales": [
    1.0
  ],
  "offsets": [
    0.0
  ]
}