{
  "width": 2750,
  "height": 2725,
  "count": 1,
  "crs": "EPSG:3857",
  "transform": [
    98.95473994512007,
    0.0,
    3006924.886633241,
    0.0,
    -98.95473994512007,
    -3321240.883534252,
    0.0,
    0.0,
    1.0
  ],
  "bounds": {
    "left": 3006924.886633241,
    "bottom": -3590892.5498847044,
    "right": 3279050.4214823213,
    "top": -3321240.883534252
  },
  "res": [
    98.95473994512007,
    98.95473994512007
  ],
  "scales": [
    1.0
  ],
  "offsets": [
    0.0
  ]
}