{
  "width": 3803,
  "height": 9352,
  "count": 1,
  "crs": "EPSG:3857",
  "transform": [
    94.99893544116638,
    0.0,
    3637178.7344868095,
    0.0,
    -94.99893544116638,
    -1047556.2385064204,
    0.0,
    0.0,
    1.0
  ],
  "bounds": {
    "left": 3637178.7344868095,
    "bottom": -1935986.2827522084,
    "right": 3998459.685969565,
    "top": -1047556.2385064204
  },
  "res": [
    94.99893544116638,
    94.99893544116638
  ],
  "scales": [
    1.0
  ],
  "offsets": [
    0.0
  ]
}