{
  "width": 11360,
  "height": 19986,
  "count": 1,
  "crs": "EPSG:3857",
  "transform": [
    94.82332254066667,
    0.0,
    13016402.393757178,
    0.0,
    -94.82332254066667,
    2406391.9948334834,
    0.0,
    0.0,
    1.0
  ],
  "bounds": {
    "left": 13016402.393757178,
    "bottom": 511253.0705357194,
    "right": 14093595.337819152,
    "top": 2406391.9948334834
  },
  "res": [
    94.82332254066667,
    94.82332254066667
  ],
  "scales": [
    1.0
  ],
  "offsets": [
    0.0
  ]
}