{
  "width": 14103,
  "height": 10567,
  "count": 1,
  "crs": "EPSG:3857",
  "transform": [
    93.11330925049123,
    0.0,
    2688643.9104799298,
    0.0,
    -93.11330925049123,
    1372654.538150173,
    0.0,
    0.0,
    1.0
  ],
  "bounds": {
    "left": 2688643.9104799298,
    "bottom": 388726.1993002321,
    "right": 4001820.9108396075,
    "top": 1372654.538150173
  },
  "res": [
    93.11330925049123,
    93.11330925049123
  ],
  "scales": [
    1.0
  ],
  "offsets": [
    0.0
  ]
}