{
  "width": 6550,
  "height": 6844,
  "count": 1,
  "crs": "EPSG:3857",
  "transform": [
    92.80005834524,
    0.0,
    3292088.314408023,
    0.0,
    -92.80005834524,
    470100.57444173156,
    0.0,
    0.0,
    1.0
  ],
  "bounds": {
    "left": 3292088.314408023,
    "bottom": -165023.02487309102,
    "right": 3899928.696569345,
    "top": 470100.57444173156
  },
  "res": [
    92.80005834524,
    92.80005834524
  ],
  "scales": [
    1.0
  ],
  "offsets": [
    0.0
  ]
}