{
  "width": 1389,
  "height": 1198,
  "count": 1,
  "crs": "EPSG:3857",
  "transform": [
    938.6308985982048,
    0.0,
    2448889.638564534,
    0.0,
    -938.6308985982048,
    -921622.6737649142,
    0.0,
    0.0,
    1.0
  ],
  "bounds": {
    "left": 2448889.638564534,
    "bottom": -2046102.4902855633,
    "right": 3752647.9567174404,
    "top": -921622.6737649142
  },
  "res": [
    938.6308985982048,
    938.6308985982048
  ],
  "scales": [
    1.0
  ],
  "offsets": [
    0.0
  ]
}