{
  "width": 13887,
  "height": 12042,
  "count": 1,
  "crs": "EPSG:3857",
  "transform": [
    93.86599835799919,
    0.0,
    2448935.941263913,
    0.0,
    -93.86599835799919,
    -916233.1442992986,
    0.0,
    0.0,
    1.0
  ],
  "bounds": {
    "left": 2448935.941263913,
    "bottom": -2046567.4965263247,
    "right": 3752453.0604614476,
    "top": -916233.1442992986
  },
  "res": [
    93.86599835799919,
    93.86599835799919
  ],
  "scales": [
    1.0
  ],
  "offsets": [
    0.0
  ]
}