{
  "width": 9163,
  "height": 8438,
  "count": 1,
  "crs": "EPSG:3857",
  "transform": [
    95.14181249991584,
    0.0,
    2809332.7912655487,
    0.0,
    -95.14181249991584,
    -1759505.8870002215,
    0.0,
    0.0,
    1.0
  ],
  "bounds": {
    "left": 2809332.7912655487,
    "bottom": -2562312.5008745114,
    "right": 3681117.2192022777,
    "top": -1759505.8870002215
  },
  "res": [
    95.14181249991584,
    95.14181249991584
  ],
  "scales": [
    1.0
  ],
  "offsets": [
    0.0
  ]
}