{
  "width": 1389,
  "height": 1197,
  "count": 1,
  "crs": "EPSG:3857",
  "transform": [
    938.4119167744436,
    0.0,
    2448958.6661728187,
    0.0,
    -938.4119167744436,
    -923377.073702895,
    0.0,
    0.0,
    1.0
  ],
  "bounds": {
    "left": 2448958.6661728187,
    "bottom": -2046656.138081904,
    "right": 3752412.818572521,
    "top": -923377.073702895
  },
  "res": [
    938.4119167744436,
    938.4119167744436
  ],
  "scales": [
    1.0
  ],
  "offsets": [
    0.0
  ]
}