{
  "width": 955,
  "height": 1211,
  "count": 1,
  "crs": "EPSG:3857",
  "transform": [
    928.8200672281889,
    0.0,
    3777805.007610656,
    0.0,
    -928.8200672281889,
    603150.9342744622,
    0.0,
    0.0,
    1.0
  ],
  "bounds": {
    "left": 3777805.007610656,
    "bottom": -521650.16713887465,
    "right": 4664828.1718135765,
    "top": 603150.9342744622
  },
  "res": [
    928.8200672281889,
    928.8200672281889
  ],
  "scales": [
    1.0
  ],
  "offsets": [
    0.0
  ]
}