{
  "width": 8894,
  "height": 22673,
  "count": 1,
  "crs": "EPSG:3857",
  "transform": [
    12.83544049202706,
    0.0,
    3697407.473764056,
    0.0,
    -12.83544049202706,
    -1096876.3977644022,
    0.0,
    0.0,
    1.0
  ],
  "bounds": {
    "left": 3697407.473764056,
    "bottom": -1387894.3400401317,
    "right": 3811565.8815001445,
    "top": -1096876.3977644022
  },
  "res": [
    12.83544049202706,
    12.83544049202706
  ],
  "scales": [
    1.0
  ],
  "offsets": [
    0.0
  ]
}